wbs id,task name,level,parent id,start date,end date,duration,progress,planned,owner,cost estimate,priority,weight,status,deliverable,acceptance criteria,review date
D01,디자인,1,,2025-11-03,2025-12-07,35,21,26,TBD,16800000,Medium,15.51,지연,디자인 결과물,디자인 결과물이 요구 기준을 충족함,2025-12-08
D01-01,UX 리서치 및 요구사항 정의,2,D01,2025-11-03,2025-11-09,7,53,100,TBD,3600000,Medium,3.32,지연,UX 리서치 및 요구사항 정의 결과물,UX 리서치 및 요구사항 정의 결과물이 요구 기준을 충족함,2025-11-10
D01-01-01,비즈니스 목표/페르소나 정리,3,D01-01,2025-11-03,2025-11-05,3,70,100,TBD,1200000,Medium,1.11,지연,비즈니스 목표/페르소나 정리 결과물,비즈니스 목표/페르소나 정리 결과물이 요구 기준을 충족함,2025-11-06
D01-01-01-01,기존 레퍼런스 앱 조사,4,D01-01-01,2025-11-03,2025-11-04,2,100,100,TBD,600000,Medium,0.56,지연,기존 레퍼런스 앱 조사 결과물,기존 레퍼런스 앱 조사 결과물이 요구 기준을 충족함,2025-11-05
D01-01-01-02,주요 유저 시나리오 정의,4,D01-01-01,2025-11-04,2025-11-05,2,40,100,TBD,600000,Medium,0.55,지연,주요 유저 시나리오 정의 결과물,주요 유저 시나리오 정의 결과물이 요구 기준을 충족함,2025-11-06
D01-01-02,"핵심 플로우 정의 (온보딩, 홈, 상세, 마이)",3,D01-01,2025-11-05,2025-11-07,3,45,100,TBD,1200000,Medium,1.11,지연,"핵심 플로우 정의 (온보딩, 홈, 상세, 마이) 결과물","핵심 플로우 정의 (온보딩, 홈, 상세, 마이) 결과물이 요구 기준을 충족함",2025-11-08
D01-01-02-01,온보딩 플로우정리,4,D01-01-02,2025-11-05,2025-11-06,2,50,100,TBD,600000,Medium,0.56,지연,온보딩 플로우정리 결과물,온보딩 플로우정리 결과물이 요구 기준을 충족함,2025-11-07
D01-01-02-02,컨텐츠 탐색/검색 플로우 정리,4,D01-01-02,2025-11-06,2025-11-07,2,40,100,TBD,600000,Medium,0.55,지연,컨텐츠 탐색/검색 플로우 정리 결과물,컨텐츠 탐색/검색 플로우 정리 결과물이 요구 기준을 충족함,2025-11-08
D01-01-03,정보구조(IA) 초안,3,D01-01,2025-11-07,2025-11-09,3,45,100,TBD,1200000,Medium,1.1,지연,정보구조(IA) 초안 결과물,정보구조(IA) 초안 결과물이 요구 기준을 충족함,2025-11-10
D01-01-03-01,내비게이션 구조 정의,4,D01-01-03,2025-11-07,2025-11-08,2,30,100,TBD,600000,Medium,0.55,지연,내비게이션 구조 정의 결과물,내비게이션 구조 정의 결과물이 요구 기준을 충족함,2025-11-09
D01-01-03-02,메뉴/탭 구성안,4,D01-01-03,2025-11-08,2025-11-09,2,60,100,TBD,600000,Medium,0.55,지연,메뉴/탭 구성안 결과물,메뉴/탭 구성안 결과물이 요구 기준을 충족함,2025-11-10
D01-02,와이어프레임 제작,2,D01,2025-11-09,2025-11-17,9,24,33,TBD,3600000,Medium,3.32,지연,와이어프레임 제작 결과물,와이어프레임 제작 결과물이 요구 기준을 충족함,2025-11-18
D01-02-01,핵심 화면 와이어프레임,3,D01-02,2025-11-09,2025-11-13,5,40,60,TBD,1800000,Medium,1.66,지연,핵심 화면 와이어프레임 결과물,핵심 화면 와이어프레임 결과물이 요구 기준을 충족함,2025-11-14
D01-02-01-01,홈/피드 화면,4,D01-02-01,2025-11-09,2025-11-11,3,50,100,TBD,900000,Medium,0.83,지연,홈/피드 화면 결과물,홈/피드 화면 결과물이 요구 기준을 충족함,2025-11-12
D01-02-01-02,상세/콘텐츠 화면설계,4,D01-02-01,2025-11-11,2025-11-13,3,30,33,TBD,900000,Medium,0.83,지연,상세/콘텐츠 화면설계 결과물,상세/콘텐츠 화면설계 결과물이 요구 기준을 충족함,2025-11-14
D01-02-02,"보조 기능 화면 (검색, 설정, 알림)",3,D01-02,2025-11-13,2025-11-17,5,8,0,TBD,1800000,Medium,1.66,작업중,"보조 기능 화면 (검색, 설정, 알림) 결과물","보조 기능 화면 (검색, 설정, 알림) 결과물이 요구 기준을 충족함",2025-11-18
D01-02-02-01,검색 화면 와이어프레임,4,D01-02-02,2025-11-13,2025-11-15,3,10,0,TBD,900000,Medium,0.83,작업중,검색 화면 와이어프레임 결과물,검색 화면 와이어프레임 결과물이 요구 기준을 충족함,2025-11-16
D01-02-02-02,설정/프로필 화면 와이어,4,D01-02-02,2025-11-15,2025-11-17,3,5,0,TBD,900000,Medium,0.83,작업중,설정/프로필 화면 와이어 결과물,설정/프로필 화면 와이어 결과물이 요구 기준을 충족함,2025-11-18
D01-03,UI 키트/디자인 시스템,2,D01,2025-11-17,2025-11-25,9,9,0,TBD,4200000,Medium,3.88,작업중,UI 키트/디자인 시스템 결과물,UI 키트/디자인 시스템 결과물이 요구 기준을 충족함,2025-11-26
D01-03-01,컬러/타이포 스타일가이드,3,D01-03,2025-11-17,2025-11-19,3,20,0,TBD,1200000,Medium,1.11,작업중,컬러/타이포 스타일가이드 결과물,컬러/타이포 스타일가이드 결과물이 요구 기준을 충족함,2025-11-20
D01-03-01-01,라이트/다크 테마 정의,4,D01-03-01,2025-11-17,2025-11-18,2,20,0,TBD,600000,Medium,0.56,작업중,라이트/다크 테마 정의 결과물,라이트/다크 테마 정의 결과물이 요구 기준을 충족함,2025-11-19
D01-03-01-02,기본 타이포 스케일 정의,4,D01-03-01,2025-11-18,2025-11-19,2,20,0,TBD,600000,Medium,0.55,작업중,기본 타이포 스케일 정의 결과물,기본 타이포 스케일 정의 결과물이 요구 기준을 충족함,2025-11-20
D01-03-02,"컴포넌트 정의 (버튼, 카드, 리스트)",3,D01-03,2025-11-19,2025-11-23,5,8,0,TBD,1800000,Medium,1.66,작업중,"컴포넌트 정의 (버튼, 카드, 리스트) 결과물","컴포넌트 정의 (버튼, 카드, 리스트) 결과물이 요구 기준을 충족함",2025-11-24
D01-03-02-01,버튼/폼 요소 정리,4,D01-03-02,2025-11-19,2025-11-21,3,10,0,TBD,900000,Medium,0.83,작업중,버튼/폼 요소 정리 결과물,버튼/폼 요소 정리 결과물이 요구 기준을 충족함,2025-11-22
D01-03-02-02,카드/리스트/모달 컴포넌트,4,D01-03-02,2025-11-21,2025-11-23,3,5,0,TBD,900000,Medium,0.83,작업중,카드/리스트/모달 컴포넌트 결과물,카드/리스트/모달 컴포넌트 결과물이 요구 기준을 충족함,2025-11-24
D01-03-03,디자인 핸드오프 파일 정리,3,D01-03,2025-11-23,2025-11-25,3,0,0,TBD,1200000,Medium,1.11,대기중,디자인 핸드오프 파일 정리 결과물,디자인 핸드오프 파일 정리 결과물이 요구 기준을 충족함,2025-11-26
D01-03-03-01,Zeplin/Figma 스펙 정리,4,D01-03-03,2025-11-23,2025-11-24,2,0,0,TBD,600000,Medium,0.56,대기중,Zeplin/Figma 스펙 정리 결과물,Zeplin/Figma 스펙 정리 결과물이 요구 기준을 충족함,2025-11-25
D01-03-03-02,FE용 어노테이션 추가,4,D01-03-03,2025-11-24,2025-11-25,2,0,0,TBD,600000,Medium,0.55,대기중,FE용 어노테이션 추가 결과물,FE용 어노테이션 추가 결과물이 요구 기준을 충족함,2025-11-26
D01-04,프로토타입 및 사용자 피드백,2,D01,2025-11-25,2025-12-07,13,7,0,TBD,5400000,Medium,4.99,작업중,프로토타입 및 사용자 피드백 결과물,프로토타입 및 사용자 피드백 결과물이 요구 기준을 충족함,2025-12-08
D01-04-01,인터랙션 프로토타입 작성,3,D01-04,2025-11-25,2025-11-30,6,14,0,TBD,2100000,Medium,1.94,작업중,인터랙션 프로토타입 작성 결과물,인터랙션 프로토타입 작성 결과물이 요구 기준을 충족함,2025-12-01
D01-04-01-01,핵심 플로우 프로토타입,4,D01-04-01,2025-11-25,2025-11-28,4,20,0,TBD,1200000,Medium,1.11,작업중,핵심 플로우 프로토타입 결과물,핵심 플로우 프로토타입 결과물이 요구 기준을 충족함,2025-11-29
D01-04-01-02,에러/엣지케이스 프로토타입,4,D01-04-01,2025-11-28,2025-11-30,3,5,0,TBD,900000,Medium,0.83,작업중,에러/엣지케이스 프로토타입 결과물,에러/엣지케이스 프로토타입 결과물이 요구 기준을 충족함,2025-12-01
D01-04-02,내부 리뷰 및 수정,3,D01-04,2025-11-30,2025-12-03,4,4,0,TBD,1500000,Medium,1.39,작업중,내부 리뷰 및 수정 결과물,내부 리뷰 및 수정 결과물이 요구 기준을 충족함,2025-12-04
D01-04-02-01,디자인 리뷰 미팅,4,D01-04-02,2025-11-30,2025-12-01,2,10,0,TBD,600000,Medium,0.56,작업중,디자인 리뷰 미팅 결과물,디자인 리뷰 미팅 결과물이 요구 기준을 충족함,2025-12-02
D01-04-02-02,수정안 반영,4,D01-04-02,2025-12-01,2025-12-03,3,0,0,TBD,900000,Medium,0.83,대기중,수정안 반영 결과물,수정안 반영 결과물이 요구 기준을 충족함,2025-12-04
D01-04-03,1차 유저 테스트,3,D01-04,2025-12-03,2025-12-07,5,0,0,TBD,1800000,Medium,1.66,대기중,1차 유저 테스트 결과물,1차 유저 테스트 결과물이 요구 기준을 충족함,2025-12-08
D01-04-03-01,테스트 시나리오 작성,4,D01-04-03,2025-12-03,2025-12-04,2,0,0,TBD,600000,Medium,0.55,대기중,테스트 시나리오 작성 결과물,테스트 시나리오 작성 결과물이 요구 기준을 충족함,2025-12-05
D01-04-03-02,결과 정리 및 우선순위화,4,D01-04-03,2025-12-04,2025-12-07,4,0,0,TBD,1200000,Medium,1.11,대기중,결과 정리 및 우선순위화 결과물,결과 정리 및 우선순위화 결과물이 요구 기준을 충족함,2025-12-08
B01,백엔드(API & DB),1,,2025-11-13,2026-02-16,96,20,0,TBD,35100000,Medium,32.41,작업중,백엔드(API & DB) 결과물,백엔드(API & DB) 결과물이 요구 기준을 충족함,2026-02-17
B01-01,아키텍처/CI 셋업,2,B01,2025-11-13,2025-11-20,8,65,0,TBD,3300000,Medium,3.05,작업중,아키텍처/CI 셋업 결과물,아키텍처/CI 셋업 결과물이 요구 기준을 충족함,2025-11-21
B01-01-01,서비스 구조 설계,3,B01-01,2025-11-13,2025-11-16,4,78,0,TBD,1500000,Medium,1.39,작업중,서비스 구조 설계 결과물,서비스 구조 설계 결과물이 요구 기준을 충족함,2025-11-17
B01-01-01-01,API 스펙 초안,4,B01-01-01,2025-11-13,2025-11-15,3,90,0,TBD,900000,Medium,0.83,작업중,API 스펙 초안 결과물,API 스펙 초안 결과물이 요구 기준을 충족함,2025-11-16
B01-01-01-02,인증/인가 정책 초안,4,B01-01-01,2025-11-15,2025-11-16,2,60,0,TBD,600000,Medium,0.56,작업중,인증/인가 정책 초안 결과물,인증/인가 정책 초안 결과물이 요구 기준을 충족함,2025-11-17
B01-01-02,CI 파이프라인 초기화,3,B01-01,2025-11-16,2025-11-20,5,55,0,TBD,1800000,Medium,1.66,작업중,CI 파이프라인 초기화 결과물,CI 파이프라인 초기화 결과물이 요구 기준을 충족함,2025-11-21
B01-01-02-01,빌드/테스트 워크플로 정의,4,B01-01-02,2025-11-16,2025-11-18,3,60,0,TBD,900000,Medium,0.83,작업중,빌드/테스트 워크플로 정의 결과물,빌드/테스트 워크플로 정의 결과물이 요구 기준을 충족함,2025-11-19
B01-01-02-02,코드 스캔/보안 검사 연동,4,B01-01-02,2025-11-18,2025-11-20,3,50,0,TBD,900000,Medium,0.83,작업중,코드 스캔/보안 검사 연동 결과물,코드 스캔/보안 검사 연동 결과물이 요구 기준을 충족함,2025-11-21
B01-02,DB/모델 설계,2,B01,2025-11-20,2025-11-30,11,39,0,TBD,4200000,Medium,3.88,작업중,DB/모델 설계 결과물,DB/모델 설계 결과물이 요구 기준을 충족함,2025-12-01
B01-02-01,ERD 설계,3,B01-02,2025-11-20,2025-11-25,6,51,0,TBD,2100000,Medium,1.94,작업중,ERD 설계 결과물,ERD 설계 결과물이 요구 기준을 충족함,2025-11-26
B01-02-01-01,유저/콘텐츠 스키마,4,B01-02-01,2025-11-20,2025-11-23,4,60,0,TBD,1200000,Medium,1.11,작업중,유저/콘텐츠 스키마 결과물,유저/콘텐츠 스키마 결과물이 요구 기준을 충족함,2025-11-24
B01-02-01-02,로그/알림 스키마,4,B01-02-01,2025-11-23,2025-11-25,3,40,0,TBD,900000,Medium,0.83,작업중,로그/알림 스키마 결과물,로그/알림 스키마 결과물이 요구 기준을 충족함,2025-11-26
B01-02-02,마이그레이션 스크립트,3,B01-02,2025-11-25,2025-11-30,6,26,0,TBD,2100000,Medium,1.94,작업중,마이그레이션 스크립트 결과물,마이그레이션 스크립트 결과물이 요구 기준을 충족함,2025-12-01
B01-02-02-01,초기 시드 데이터 작성,4,B01-02-02,2025-11-25,2025-11-28,4,30,0,TBD,1200000,Medium,1.11,작업중,초기 시드 데이터 작성 결과물,초기 시드 데이터 작성 결과물이 요구 기준을 충족함,2025-11-29
B01-02-02-02,로컬/스테이징 반영,4,B01-02-02,2025-11-28,2025-11-30,3,20,0,TBD,900000,Medium,0.83,작업중,로컬/스테이징 반영 결과물,로컬/스테이징 반영 결과물이 요구 기준을 충족함,2025-12-01
B01-03,핵심 API 구현,2,B01,2025-11-30,2026-01-20,52,19,0,TBD,17100000,Medium,15.79,작업중,핵심 API 구현 결과물,핵심 API 구현 결과물이 요구 기준을 충족함,2026-01-21
B01-03-01,인증/계정 API,3,B01-03,2025-11-30,2025-12-13,14,41,0,TBD,4500000,Medium,4.16,작업중,인증/계정 API 결과물,인증/계정 API 결과물이 요구 기준을 충족함,2025-12-14
B01-03-01-01,회원가입/로그인/토큰,4,B01-03-01,2025-11-30,2025-12-07,8,50,0,TBD,2400000,Medium,2.22,작업중,회원가입/로그인/토큰 결과물,회원가입/로그인/토큰 결과물이 요구 기준을 충족함,2025-12-08
B01-03-01-02,소셜 로그인 연동,4,B01-03-01,2025-12-07,2025-12-13,7,30,0,TBD,2100000,Medium,1.94,작업중,소셜 로그인 연동 결과물,소셜 로그인 연동 결과물이 요구 기준을 충족함,2025-12-14
B01-03-02,콘텐츠/피드 API,3,B01-03,2025-12-13,2026-01-02,21,15,0,TBD,6600000,Medium,6.09,작업중,콘텐츠/피드 API 결과물,콘텐츠/피드 API 결과물이 요구 기준을 충족함,2026-01-03
B01-03-02-01,콘텐츠 조회/검색,4,B01-03-02,2025-12-13,2025-12-23,11,20,0,TBD,3300000,Medium,3.04,작업중,콘텐츠 조회/검색 결과물,콘텐츠 조회/검색 결과물이 요구 기준을 충족함,2025-12-24
B01-03-02-02,즐겨찾기/북마크,4,B01-03-02,2025-12-23,2026-01-02,11,10,0,TBD,3300000,Medium,3.05,작업중,즐겨찾기/북마크 결과물,즐겨찾기/북마크 결과물이 요구 기준을 충족함,2026-01-03
B01-03-03,알림/푸시 API,3,B01-03,2026-01-02,2026-01-20,19,7,0,TBD,6000000,Medium,5.54,작업중,알림/푸시 API 결과물,알림/푸시 API 결과물이 요구 기준을 충족함,2026-01-21
B01-03-03-01,푸시 토큰 등록,4,B01-03-03,2026-01-02,2026-01-11,10,10,0,TBD,3000000,Medium,2.77,작업중,푸시 토큰 등록 결과물,푸시 토큰 등록 결과물이 요구 기준을 충족함,2026-01-12
B01-03-03-02,알림 발송/히스토리,4,B01-03-03,2026-01-11,2026-01-20,10,5,0,TBD,3000000,Medium,2.77,작업중,알림 발송/히스토리 결과물,알림 발송/히스토리 결과물이 요구 기준을 충족함,2026-01-21
B01-04,비기능 요구 구현,2,B01,2026-01-20,2026-02-07,19,0,0,TBD,6600000,Medium,6.09,대기중,비기능 요구 구현 결과물,비기능 요구 구현 결과물이 요구 기준을 충족함,2026-02-08
B01-04-01,로그/모니터링,3,B01-04,2026-01-20,2026-01-29,10,0,0,TBD,3300000,Medium,3.04,대기중,로그/모니터링 결과물,로그/모니터링 결과물이 요구 기준을 충족함,2026-01-30
B01-04-01-01,요청/에러 로깅,4,B01-04-01,2026-01-20,2026-01-24,5,0,0,TBD,1500000,Medium,1.38,대기중,요청/에러 로깅 결과물,요청/에러 로깅 결과물이 요구 기준을 충족함,2026-01-25
B01-04-01-02,대시보드/알람 설정,4,B01-04-01,2026-01-24,2026-01-29,6,0,0,TBD,1800000,Medium,1.66,대기중,대시보드/알람 설정 결과물,대시보드/알람 설정 결과물이 요구 기준을 충족함,2026-01-30
B01-04-02,보안/레이트 리밋,3,B01-04,2026-01-29,2026-02-07,10,0,0,TBD,3300000,Medium,3.05,대기중,보안/레이트 리밋 결과물,보안/레이트 리밋 결과물이 요구 기준을 충족함,2026-02-08
B01-04-02-01,API 키/권한 검증,4,B01-04-02,2026-01-29,2026-02-02,5,0,0,TBD,1500000,Medium,1.39,대기중,API 키/권한 검증 결과물,API 키/권한 검증 결과물이 요구 기준을 충족함,2026-02-03
B01-04-02-02,레이트 리밋/쿼터,4,B01-04-02,2026-02-02,2026-02-07,6,0,0,TBD,1800000,Medium,1.66,대기중,레이트 리밋/쿼터 결과물,레이트 리밋/쿼터 결과물이 요구 기준을 충족함,2026-02-08
B01-05,통합 테스트/성능 튜닝,2,B01,2026-02-07,2026-02-16,10,0,0,TBD,3900000,Medium,3.6,대기중,통합 테스트/성능 튜닝 결과물,통합 테스트/성능 튜닝 결과물이 요구 기준을 충족함,2026-02-17
B01-05-01,API 통합 테스트,3,B01-05,2026-02-07,2026-02-11,5,0,0,TBD,1800000,Medium,1.66,대기중,API 통합 테스트 결과물,API 통합 테스트 결과물이 요구 기준을 충족함,2026-02-12
B01-05-01-01,시나리오 기반 테스트,4,B01-05-01,2026-02-07,2026-02-09,3,0,0,TBD,900000,Medium,0.83,대기중,시나리오 기반 테스트 결과물,시나리오 기반 테스트 결과물이 요구 기준을 충족함,2026-02-10
B01-05-01-02,FE 연동 테스트,4,B01-05-01,2026-02-09,2026-02-11,3,0,0,TBD,900000,Medium,0.83,대기중,FE 연동 테스트 결과물,FE 연동 테스트 결과물이 요구 기준을 충족함,2026-02-12
B01-05-02,부하 테스트,3,B01-05,2026-02-11,2026-02-16,6,0,0,TBD,2100000,Medium,1.94,대기중,부하 테스트 결과물,부하 테스트 결과물이 요구 기준을 충족함,2026-02-17
B01-05-02-01,성능 프로파일링,4,B01-05-02,2026-02-11,2026-02-13,3,0,0,TBD,900000,Medium,0.83,대기중,성능 프로파일링 결과물,성능 프로파일링 결과물이 요구 기준을 충족함,2026-02-14
B01-05-02-02,DB 인덱스/캐시 튜닝,4,B01-05-02,2026-02-13,2026-02-16,4,0,0,TBD,1200000,Medium,1.11,대기중,DB 인덱스/캐시 튜닝 결과물,DB 인덱스/캐시 튜닝 결과물이 요구 기준을 충족함,2026-02-17
F01,프론트엔드(모바일 앱),1,,2025-11-13,2026-02-16,96,17,0,TBD,36300000,Medium,33.52,작업중,프론트엔드(모바일 앱) 결과물,프론트엔드(모바일 앱) 결과물이 요구 기준을 충족함,2026-02-17
F01-01,프로젝트 셋업,2,F01,2025-11-13,2025-11-16,4,69,0,TBD,2100000,Medium,1.94,작업중,프로젝트 셋업 결과물,프로젝트 셋업 결과물이 요구 기준을 충족함,2025-11-17
F01-01-01,프로젝트 구조/패키지 관리,3,F01-01,2025-11-13,2025-11-14,2,87,0,TBD,900000,Medium,0.83,작업중,프로젝트 구조/패키지 관리 결과물,프로젝트 구조/패키지 관리 결과물이 요구 기준을 충족함,2025-11-15
F01-01-01-01,React Native/Flutter 초기화,4,F01-01-01,2025-11-13,2025-11-13,1,100,0,TBD,300000,Medium,0.28,완료,React Native/Flutter 초기화 결과물,React Native/Flutter 초기화 결과물이 요구 기준을 충족함,2025-11-14
F01-01-01-02,ESLint/포맷터/CI 스크립트 추가,4,F01-01-01,2025-11-13,2025-11-14,2,80,0,TBD,600000,Medium,0.55,작업중,ESLint/포맷터/CI 스크립트 추가 결과물,ESLint/포맷터/CI 스크립트 추가 결과물이 요구 기준을 충족함,2025-11-15
F01-01-02,디자인 시스템 연동,3,F01-01,2025-11-14,2025-11-16,3,55,0,TBD,1200000,Medium,1.11,작업중,디자인 시스템 연동 결과물,디자인 시스템 연동 결과물이 요구 기준을 충족함,2025-11-17
F01-01-02-01,컬러/타이포 토큰 연결,4,F01-01-02,2025-11-14,2025-11-15,2,60,0,TBD,600000,Medium,0.56,작업중,컬러/타이포 토큰 연결 결과물,컬러/타이포 토큰 연결 결과물이 요구 기준을 충족함,2025-11-16
F01-01-02-02,기본 UI 컴포넌트 샘플 구현,4,F01-01-02,2025-11-15,2025-11-16,2,50,0,TBD,600000,Medium,0.55,작업중,기본 UI 컴포넌트 샘플 구현 결과물,기본 UI 컴포넌트 샘플 구현 결과물이 요구 기준을 충족함,2025-11-17
F01-02,공통 모듈 구현,2,F01,2025-11-16,2025-11-30,15,43,0,TBD,6000000,Medium,5.54,작업중,공통 모듈 구현 결과물,공통 모듈 구현 결과물이 요구 기준을 충족함,2025-12-01
F01-02-01,라우팅/네비게이션 구조,3,F01-02,2025-11-16,2025-11-20,5,55,0,TBD,1800000,Medium,1.66,작업중,라우팅/네비게이션 구조 결과물,라우팅/네비게이션 구조 결과물이 요구 기준을 충족함,2025-11-21
F01-02-01-01,탭/스택 네비게이션 설정,4,F01-02-01,2025-11-16,2025-11-18,3,70,0,TBD,900000,Medium,0.83,작업중,탭/스택 네비게이션 설정 결과물,탭/스택 네비게이션 설정 결과물이 요구 기준을 충족함,2025-11-19
F01-02-01-02,인증 흐름 가드 처리,4,F01-02-01,2025-11-18,2025-11-20,3,40,0,TBD,900000,Medium,0.83,작업중,인증 흐름 가드 처리 결과물,인증 흐름 가드 처리 결과물이 요구 기준을 충족함,2025-11-21
F01-02-02,상태관리/스토어 구조,3,F01-02,2025-11-20,2025-11-25,6,44,0,TBD,2100000,Medium,1.94,작업중,상태관리/스토어 구조 결과물,상태관리/스토어 구조 결과물이 요구 기준을 충족함,2025-11-26
F01-02-02-01,전역 상태 설계,4,F01-02-02,2025-11-20,2025-11-22,3,50,0,TBD,900000,Medium,0.83,작업중,전역 상태 설계 결과물,전역 상태 설계 결과물이 요구 기준을 충족함,2025-11-23
F01-02-02-02,API 연동 레이어 작성,4,F01-02-02,2025-11-22,2025-11-25,4,40,0,TBD,1200000,Medium,1.11,작업중,API 연동 레이어 작성 결과물,API 연동 레이어 작성 결과물이 요구 기준을 충족함,2025-11-26
F01-02-03,공통 위젯/유틸리티,3,F01-02,2025-11-25,2025-11-30,6,31,0,TBD,2100000,Medium,1.94,작업중,공통 위젯/유틸리티 결과물,공통 위젯/유틸리티 결과물이 요구 기준을 충족함,2025-12-01
F01-02-03-01,로딩/토스트/다이얼로그,4,F01-02-03,2025-11-25,2025-11-28,4,40,0,TBD,1200000,Medium,1.11,작업중,로딩/토스트/다이얼로그 결과물,로딩/토스트/다이얼로그 결과물이 요구 기준을 충족함,2025-11-29
F01-02-03-02,폼/유효성 검사 유틸,4,F01-02-03,2025-11-28,2025-11-30,3,20,0,TBD,900000,Medium,0.83,작업중,폼/유효성 검사 유틸 결과물,폼/유효성 검사 유틸 결과물이 요구 기준을 충족함,2025-12-01
F01-03,핵심 화면 개발,2,F01,2025-11-30,2026-01-11,43,15,0,TBD,15000000,Medium,13.85,작업중,핵심 화면 개발 결과물,핵심 화면 개발 결과물이 요구 기준을 충족함,2026-01-12
F01-03-01,온보딩/로그인,3,F01-03,2025-11-30,2025-12-07,8,39,0,TBD,2700000,Medium,2.49,작업중,온보딩/로그인 결과물,온보딩/로그인 결과물이 요구 기준을 충족함,2025-12-08
F01-03-01-01,소셜 로그인 UI,4,F01-03-01,2025-11-30,2025-12-03,4,50,0,TBD,1200000,Medium,1.11,작업중,소셜 로그인 UI 결과물,소셜 로그인 UI 결과물이 요구 기준을 충족함,2025-12-04
F01-03-01-02,회원가입/약관 동의,4,F01-03-01,2025-12-03,2025-12-07,5,30,0,TBD,1500000,Medium,1.38,작업중,회원가입/약관 동의 결과물,회원가입/약관 동의 결과물이 요구 기준을 충족함,2025-12-08
F01-03-02,홈/피드,3,F01-03,2025-12-07,2025-12-23,17,15,0,TBD,5400000,Medium,4.99,작업중,홈/피드 결과물,홈/피드 결과물이 요구 기준을 충족함,2025-12-24
F01-03-02-01,리스트/카드형 UI,4,F01-03-02,2025-12-07,2025-12-15,9,20,0,TBD,2700000,Medium,2.5,작업중,리스트/카드형 UI 결과물,리스트/카드형 UI 결과물이 요구 기준을 충족함,2025-12-16
F01-03-02-02,필터/검색 영역,4,F01-03-02,2025-12-15,2025-12-23,9,10,0,TBD,2700000,Medium,2.49,작업중,필터/검색 영역 결과물,필터/검색 영역 결과물이 요구 기준을 충족함,2025-12-24
F01-03-03,상세/콘텐츠 보기,3,F01-03,2025-12-23,2026-01-02,11,8,0,TBD,3600000,Medium,3.32,작업중,상세/콘텐츠 보기 결과물,상세/콘텐츠 보기 결과물이 요구 기준을 충족함,2026-01-03
F01-03-03-01,상세 정보 렌더링,4,F01-03-03,2025-12-23,2025-12-28,6,10,0,TBD,1800000,Medium,1.66,작업중,상세 정보 렌더링 결과물,상세 정보 렌더링 결과물이 요구 기준을 충족함,2025-12-29
F01-03-03-02,즐겨찾기/공유 기능,4,F01-03-03,2025-12-28,2026-01-02,6,5,0,TBD,1800000,Medium,1.66,작업중,즐겨찾기/공유 기능 결과물,즐겨찾기/공유 기능 결과물이 요구 기준을 충족함,2026-01-03
F01-03-04,마이페이지/설정,3,F01-03,2026-01-02,2026-01-11,10,2,0,TBD,3300000,Medium,3.05,작업중,마이페이지/설정 결과물,마이페이지/설정 결과물이 요구 기준을 충족함,2026-01-12
F01-03-04-01,프로필 수정 화면,4,F01-03-04,2026-01-02,2026-01-06,5,5,0,TBD,1500000,Medium,1.39,작업중,프로필 수정 화면 결과물,프로필 수정 화면 결과물이 요구 기준을 충족함,2026-01-07
F01-03-04-02,알림/환경설정 화면,4,F01-03-04,2026-01-06,2026-01-11,6,0,0,TBD,1800000,Medium,1.66,대기중,알림/환경설정 화면 결과물,알림/환경설정 화면 결과물이 요구 기준을 충족함,2026-01-12
F01-04,성능/디바이스 최적화,2,F01,2026-01-11,2026-01-29,19,0,0,TBD,6600000,Medium,6.09,대기중,성능/디바이스 최적화 결과물,성능/디바이스 최적화 결과물이 요구 기준을 충족함,2026-01-30
F01-04-01,이미지/리스트 최적화,3,F01-04,2026-01-11,2026-01-20,10,0,0,TBD,3300000,Medium,3.04,대기중,이미지/리스트 최적화 결과물,이미지/리스트 최적화 결과물이 요구 기준을 충족함,2026-01-21
F01-04-01-01,Lazy load/가상 스크롤 적용,4,F01-04-01,2026-01-11,2026-01-16,6,0,0,TBD,1800000,Medium,1.66,대기중,Lazy load/가상 스크롤 적용 결과물,Lazy load/가상 스크롤 적용 결과물이 요구 기준을 충족함,2026-01-17
F01-04-01-02,이미지 캐싱,4,F01-04-01,2026-01-16,2026-01-20,5,0,0,TBD,1500000,Medium,1.38,대기중,이미지 캐싱 결과물,이미지 캐싱 결과물이 요구 기준을 충족함,2026-01-21
F01-04-02,푸시/권한 처리,3,F01-04,2026-01-20,2026-01-29,10,0,0,TBD,3300000,Medium,3.05,대기중,푸시/권한 처리 결과물,푸시/권한 처리 결과물이 요구 기준을 충족함,2026-01-30
F01-04-02-01,푸시 토큰 등록 화면 연결,4,F01-04-02,2026-01-20,2026-01-24,5,0,0,TBD,1500000,Medium,1.39,대기중,푸시 토큰 등록 화면 연결 결과물,푸시 토큰 등록 화면 연결 결과물이 요구 기준을 충족함,2026-01-25
F01-04-02-02,권한 요청 UX 개선,4,F01-04-02,2026-01-24,2026-01-29,6,0,0,TBD,1800000,Medium,1.66,대기중,권한 요청 UX 개선 결과물,권한 요청 UX 개선 결과물이 요구 기준을 충족함,2026-01-30
F01-05,FE 통합 테스트/버그픽스,2,F01,2026-01-29,2026-02-16,19,0,0,TBD,6600000,Medium,6.1,대기중,FE 통합 테스트/버그픽스 결과물,FE 통합 테스트/버그픽스 결과물이 요구 기준을 충족함,2026-02-17
F01-05-01,모듈 단위 테스트,3,F01-05,2026-01-29,2026-02-07,10,0,0,TBD,3300000,Medium,3.05,대기중,모듈 단위 테스트 결과물,모듈 단위 테스트 결과물이 요구 기준을 충족함,2026-02-08
F01-05-01-01,주요 UI 스냅샷 테스트,4,F01-05-01,2026-01-29,2026-02-02,5,0,0,TBD,1500000,Medium,1.39,대기중,주요 UI 스냅샷 테스트 결과물,주요 UI 스냅샷 테스트 결과물이 요구 기준을 충족함,2026-02-03
F01-05-01-02,상태관리 유닛 테스트,4,F01-05-01,2026-02-02,2026-02-07,6,0,0,TBD,1800000,Medium,1.66,대기중,상태관리 유닛 테스트 결과물,상태관리 유닛 테스트 결과물이 요구 기준을 충족함,2026-02-08
F01-05-02,E2E 테스트,3,F01-05,2026-02-07,2026-02-16,10,0,0,TBD,3300000,Medium,3.05,대기중,E2E 테스트 결과물,E2E 테스트 결과물이 요구 기준을 충족함,2026-02-17
F01-05-02-01,시나리오 테스트 스크립트 작성,4,F01-05-02,2026-02-07,2026-02-11,5,0,0,TBD,1500000,Medium,1.39,대기중,시나리오 테스트 스크립트 작성 결과물,시나리오 테스트 스크립트 작성 결과물이 요구 기준을 충족함,2026-02-12
F01-05-02-02,실단말 테스트,4,F01-05-02,2026-02-11,2026-02-16,6,0,0,TBD,1800000,Medium,1.66,대기중,실단말 테스트 결과물,실단말 테스트 결과물이 요구 기준을 충족함,2026-02-17
R01,배포/운영,1,,2026-01-11,2026-03-03,52,0,0,TBD,20100000,Medium,18.56,대기중,배포/운영 결과물,배포/운영 결과물이 요구 기준을 충족함,2026-03-04
R01-01,인프라 구성,2,R01,2026-01-11,2026-01-29,19,0,0,TBD,7200000,Medium,6.65,대기중,인프라 구성 결과물,인프라 구성 결과물이 요구 기준을 충족함,2026-01-30
R01-01-01,클라우드 환경 준비,3,R01-01,2026-01-11,2026-01-16,6,0,0,TBD,2100000,Medium,1.94,대기중,클라우드 환경 준비 결과물,클라우드 환경 준비 결과물이 요구 기준을 충족함,2026-01-17
R01-01-01-01,네트워크/VPC 설정,4,R01-01-01,2026-01-11,2026-01-13,3,0,0,TBD,900000,Medium,0.83,대기중,네트워크/VPC 설정 결과물,네트워크/VPC 설정 결과물이 요구 기준을 충족함,2026-01-14
R01-01-01-02,서버/DB 인스턴스 생성,4,R01-01-01,2026-01-13,2026-01-16,4,0,0,TBD,1200000,Medium,1.11,대기중,서버/DB 인스턴스 생성 결과물,서버/DB 인스턴스 생성 결과물이 요구 기준을 충족함,2026-01-17
R01-01-02,컨테이너/오케스트레이션,3,R01-01,2026-01-16,2026-01-24,9,0,0,TBD,3000000,Medium,2.77,대기중,컨테이너/오케스트레이션 결과물,컨테이너/오케스트레이션 결과물이 요구 기준을 충족함,2026-01-25
R01-01-02-01,도커라이징,4,R01-01-02,2026-01-16,2026-01-20,5,0,0,TBD,1500000,Medium,1.38,대기중,도커라이징 결과물,도커라이징 결과물이 요구 기준을 충족함,2026-01-21
R01-01-02-02,쿠버네티스/서비스 설정,4,R01-01-02,2026-01-20,2026-01-24,5,0,0,TBD,1500000,Medium,1.39,대기중,쿠버네티스/서비스 설정 결과물,쿠버네티스/서비스 설정 결과물이 요구 기준을 충족함,2026-01-25
R01-01-03,CI/CD 파이프라인 배포 단계,3,R01-01,2026-01-24,2026-01-29,6,0,0,TBD,2100000,Medium,1.94,대기중,CI/CD 파이프라인 배포 단계 결과물,CI/CD 파이프라인 배포 단계 결과물이 요구 기준을 충족함,2026-01-30
R01-01-03-01,스테이징 자동 배포,4,R01-01-03,2026-01-24,2026-01-26,3,0,0,TBD,900000,Medium,0.83,대기중,스테이징 자동 배포 결과물,스테이징 자동 배포 결과물이 요구 기준을 충족함,2026-01-27
R01-01-03-02,프로덕션 승인 플로우,4,R01-01-03,2026-01-26,2026-01-29,4,0,0,TBD,1200000,Medium,1.11,대기중,프로덕션 승인 플로우 결과물,프로덕션 승인 플로우 결과물이 요구 기준을 충족함,2026-01-30
R01-02,스토어 릴리스 준비,2,R01,2026-01-29,2026-02-24,27,0,0,TBD,9600000,Medium,8.86,대기중,스토어 릴리스 준비 결과물,스토어 릴리스 준비 결과물이 요구 기준을 충족함,2026-02-25
R01-02-01,iOS 프로비저닝/앱ID,3,R01-02,2026-01-29,2026-02-05,8,0,0,TBD,2700000,Medium,2.49,대기중,iOS 프로비저닝/앱ID 결과물,iOS 프로비저닝/앱ID 결과물이 요구 기준을 충족함,2026-02-06
R01-02-01-01,인앱권한/푸시 인증서,4,R01-02-01,2026-01-29,2026-02-01,4,0,0,TBD,1200000,Medium,1.11,대기중,인앱권한/푸시 인증서 결과물,인앱권한/푸시 인증서 결과물이 요구 기준을 충족함,2026-02-02
R01-02-01-02,빌드 업로드 테스트플라이트,4,R01-02-01,2026-02-01,2026-02-05,5,0,0,TBD,1500000,Medium,1.38,대기중,빌드 업로드 테스트플라이트 결과물,빌드 업로드 테스트플라이트 결과물이 요구 기준을 충족함,2026-02-06
R01-02-02,Android 서명/빌드,3,R01-02,2026-02-05,2026-02-16,12,0,0,TBD,3900000,Medium,3.6,대기중,Android 서명/빌드 결과물,Android 서명/빌드 결과물이 요구 기준을 충족함,2026-02-17
R01-02-02-01,서명키/패키지 설정,4,R01-02-02,2026-02-05,2026-02-09,5,0,0,TBD,1500000,Medium,1.38,대기중,서명키/패키지 설정 결과물,서명키/패키지 설정 결과물이 요구 기준을 충족함,2026-02-10
R01-02-02-02,플레이 스토어 업로드,4,R01-02-02,2026-02-09,2026-02-16,8,0,0,TBD,2400000,Medium,2.22,대기중,플레이 스토어 업로드 결과물,플레이 스토어 업로드 결과물이 요구 기준을 충족함,2026-02-17
R01-02-03,스토어 메타데이터/스크린샷,3,R01-02,2026-02-16,2026-02-24,9,0,0,TBD,3000000,Medium,2.77,대기중,스토어 메타데이터/스크린샷 결과물,스토어 메타데이터/스크린샷 결과물이 요구 기준을 충족함,2026-02-25
R01-02-03-01,스토어 설명/키워드,4,R01-02-03,2026-02-16,2026-02-20,5,0,0,TBD,1500000,Medium,1.38,대기중,스토어 설명/키워드 결과물,스토어 설명/키워드 결과물이 요구 기준을 충족함,2026-02-21
R01-02-03-02,스크린샷/영상 등록,4,R01-02-03,2026-02-20,2026-02-24,5,0,0,TBD,1500000,Medium,1.39,대기중,스크린샷/영상 등록 결과물,스크린샷/영상 등록 결과물이 요구 기준을 충족함,2026-02-25
R01-03,런칭/모니터링,2,R01,2026-02-24,2026-03-03,8,0,0,TBD,3300000,Medium,3.05,대기중,런칭/모니터링 결과물,런칭/모니터링 결과물이 요구 기준을 충족함,2026-03-04
R01-03-01,1차 런칭,3,R01-03,2026-02-24,2026-02-27,4,0,0,TBD,1500000,Medium,1.39,대기중,1차 런칭 결과물,1차 런칭 결과물이 요구 기준을 충족함,2026-02-28
R01-03-01-01,릴리스 노트 정리,4,R01-03-01,2026-02-24,2026-02-25,2,0,0,TBD,600000,Medium,0.56,대기중,릴리스 노트 정리 결과물,릴리스 노트 정리 결과물이 요구 기준을 충족함,2026-02-26
R01-03-01-02,롤백 플랜 확인,4,R01-03-01,2026-02-25,2026-02-27,3,0,0,TBD,900000,Medium,0.83,대기중,롤백 플랜 확인 결과물,롤백 플랜 확인 결과물이 요구 기준을 충족함,2026-02-28
R01-03-02,포스트모템/개선안 리스트업,3,R01-03,2026-02-27,2026-03-03,5,0,0,TBD,1800000,Medium,1.66,대기중,포스트모템/개선안 리스트업 결과물,포스트모템/개선안 리스트업 결과물이 요구 기준을 충족함,2026-03-04
R01-03-02-01,문제 재현/로그 분석,4,R01-03-02,2026-02-27,2026-03-01,3,0,0,TBD,900000,Medium,0.83,대기중,문제 재현/로그 분석 결과물,문제 재현/로그 분석 결과물이 요구 기준을 충족함,2026-03-02
R01-03-02-02,운영 백로그 등록,4,R01-03-02,2026-03-01,2026-03-03,3,0,0,TBD,900000,Medium,0.83,대기중,운영 백로그 등록 결과물,운영 백로그 등록 결과물이 요구 기준을 충족함,2026-03-04